{"cameraMode":{"drawMode":0,"name":"Shaded","section":"Shading Mode"},"sceneLighting":false,"audioPlay":false,"sceneViewState":{"m_AlwaysRefresh":false,"showFog":true,"showSkybox":false,"showFlares":true,"showImageEffects":true,"showParticleSystems":true,"showVisualEffectGraphs":true,"m_FxEnabled":true},"in2DMode":false,"pivot":{"x":0.7045250535011292,"y":0.5538263320922852,"z":10.998440742492676},"rotation":{"x":0.013184248469769955,"y":0.06807549297809601,"z":-0.0008961297571659088,"w":0.9975953698158264},"size":2.33085036277771,"orthographic":false}