{"cameraMode":{"drawMode":0,"name":"Shaded","section":"Shading Mode"},"sceneLighting":false,"audioPlay":false,"sceneViewState":{"m_AlwaysRefresh":false,"showFog":true,"showSkybox":false,"showFlares":true,"showImageEffects":true,"showParticleSystems":true,"showVisualEffectGraphs":true,"m_FxEnabled":true},"in2DMode":false,"pivot":{"x":-9.911808967590332,"y":1.2564308643341065,"z":8.533452033996582},"rotation":{"x":0.019299278035759927,"y":0.8067079186439514,"z":-0.5900494456291199,"w":0.026384932920336725},"size":2.886831045150757,"orthographic":false}